<?xml version="1.0" encoding="UTF-8"?>
<!DOCTYPE Configure PUBLIC "-//Jetty//Configure//EN" "http://www.eclipse.org/jetty/configure.dtd">

<!-- =============================================================== -->
<!-- Enable Centralized Logging in the Jetty Server                  -->
<!-- =============================================================== -->

<Configure id="Server" class="org.eclipse.jetty.server.Server">
  <Ref id="DeploymentManager">
    <Call name="addLifeCycleBinding">
      <Arg>
        <New class="org.mortbay.jetty.webapp.logging.CentralizedWebAppLoggingBinding">
        </New>
      </Arg>
    </Call>
  </Ref>
</Configure>
